,,,,,Name,Power On,Init CAN,Sensor_Comm_Init,Select Instrument,Init Tx Cal,Ping DUT,Proceed Request,WritePoints1571-1576,Points 812 to 815,Write Mailbox points,ReadTemperature,Make Path,Check Current,Get Sw Vers,Disable_Temp_Comp,SetMaxPowerForOccupiedBW,Save Config Points,Switch to RCTA,RCTA Occupied Bandwidth,Switch to BSD,BSD Occupied Bandwidth,Select Tx Antenna1,Set Cw mode enable,Disable_Temp_Comp,SetHondaTxPowerCal,Enable_Temp_comp,Select Tx Antenna1,TX Power Main,Select Tx Antenna2,TX Power Squint,Centre Frequencey Main,Centre Frequency Squint,CW Leakage Main,CW Leakage Squint,Set Cw mode disable,ReadTemperature,Reset DUT,Verify Points 1571-1576,Verify Mailbox points,ReadPoint 812-815,Power off,,,,,,,,,,,,,,,,,,,,,,,,,,,,,,,,,,,,,,,,,,,,,,,,,,,,,,,,,,,,,,,,,,,,,,,,,,,,,,,,,,,,,,,,,,,,,,,,,,,,,,,,,,,,,,
,,,,,Procedure,Bat_Ctrl,InitCanInterface,Sensor_Comm_Init,Get_Test_Instrument,Init_Tx_Cal,PingDut,Proceed_Request,WriteDUTData,WritePointCsvValue,WriteNBMailboxPoints,ReadTemperature,Make_Path,AnalogVoltMeas,GetSWVersion,SetTemperatureCompensation,SetMaxPowerForOccupiedBW,SaveConfigPoints,Force_Radar_Mode,GetOccupiedBw,Force_Radar_Mode,GetOccupiedBw,Select_TX_Antenna,SetCWMode,SetTemperatureCompensation,SetHondaTxPowerCal,SetTemperatureCompensation,Select_TX_Antenna,GetTxPower,Select_TX_Antenna,GetTxPower,GetCenterFrequency,GetCenterFrequency,GetCwLeakage,GetCwLeakage,SetCWMode,ReadTemperature,Reset_Bat,SerialpointsCheck,VerifyNBMailboxPoints,ReadPointCSV,Bat_Ctrl,,,,,,,,,,,,,,,,,,,,,,,,,,,,,,,,,,,,,,,,,,,,,,,,,,,,,,,,,,,,,,,,,,,,,,,,,,,,,,,,,,,,,,,,,,,,,,,,,,,,,,,,,,,,,,
Date,Time,Test Time,Nest,MIS#,Pass/Fail
10-14-2014,11:16:07,45.1,1,153180000071,PASS,Pass,Pass,Pass,Pass,Pass,Pass,Pass,Pass,Skip,Pass,Pass,Pass,Pass,Pass,Pass,Pass,Pass,Pass,Pass,Pass,Pass,Pass,Pass,Pass,Pass,Pass,Pass,Pass,Pass,Pass,Pass,Pass,Pass,Pass,Pass,Pass,Pass,Pass,Pass,Pass,Pass,
10-14-2014,11:16:16,2.7,2,,FAIL,Pass,Pass,Pass,Pass,Fail,,,,,,,,,,,,,,,,,,,,,,,,,,,,,,,,,,,,,
10-14-2014,11:19:49,5.7,2,,FAIL,Pass,Pass,Pass,Pass,Fail,,,,,,,,,,,,,,,,,,,,,,,,,,,,,,,,,,,,,
10-14-2014,11:22:23,46.7,1,153180000071,PASS,Pass,Pass,Pass,Pass,Pass,Pass,Pass,Pass,Skip,Pass,Pass,Pass,Pass,Pass,Pass,Pass,Pass,Pass,Pass,Pass,Pass,Pass,Pass,Pass,Pass,Pass,Pass,Pass,Pass,Pass,Pass,Pass,Pass,Pass,Pass,Pass,Pass,Pass,Pass,Pass,Pass,
10-14-2014,11:23:39,45.5,3,153180000071,PASS,Pass,Pass,Pass,Pass,Pass,Pass,Pass,Pass,Skip,Pass,Pass,Pass,Pass,Pass,Pass,Pass,Pass,Pass,Pass,Pass,Pass,Pass,Pass,Pass,Pass,Pass,Pass,Pass,Pass,Pass,Pass,Pass,Pass,Pass,Pass,Pass,Pass,Pass,Pass,Pass,Pass,
10-14-2014,11:25:52,45.1,1,153180000083,FAIL,Pass,Pass,Pass,Pass,Pass,Pass,Pass,Pass,Skip,Pass,Pass,Pass,Pass,Pass,Pass,Pass,Pass,Pass,Pass,Pass,Pass,Pass,Pass,Pass,Pass,Pass,Pass,Pass,Pass,Pass,Pass,Pass,Pass,Pass,Pass,Fail,Pass,Pass,Pass,Pass,Pass,
10-14-2014,11:25:54,45.2,3,153180000071,PASS,Pass,Pass,Pass,Pass,Pass,Pass,Pass,Pass,Skip,Pass,Pass,Pass,Pass,Pass,Pass,Pass,Pass,Pass,Pass,Pass,Pass,Pass,Pass,Pass,Pass,Pass,Pass,Pass,Pass,Pass,Pass,Pass,Pass,Pass,Pass,Pass,Pass,Pass,Pass,Pass,Pass,
10-14-2014,11:26:18,2.7,2,,FAIL,Pass,Pass,Pass,Pass,Fail,,,,,,,,,,,,,,,,,,,,,,,,,,,,,,,,,,,,,
10-14-2014,11:27:44,46.0,6,153180000083,PASS,Pass,Pass,Pass,Pass,Pass,Pass,Pass,Pass,Skip,Pass,Pass,Pass,Pass,Pass,Pass,Pass,Pass,Pass,Pass,Pass,Pass,Pass,Pass,Pass,Pass,Pass,Pass,Pass,Pass,Pass,Pass,Pass,Pass,Pass,Pass,Pass,Pass,Pass,Pass,Pass,Pass,
10-14-2014,11:27:46,46.6,4,153180000071,PASS,Pass,Pass,Pass,Pass,Pass,Pass,Pass,Pass,Skip,Pass,Pass,Pass,Pass,Pass,Pass,Pass,Pass,Pass,Pass,Pass,Pass,Pass,Pass,Pass,Pass,Pass,Pass,Pass,Pass,Pass,Pass,Pass,Pass,Pass,Pass,Pass,Pass,Pass,Pass,Pass,Pass,
10-14-2014,11:34:05,47.8,1,153180000034,PASS,Pass,Pass,Pass,Pass,Pass,Pass,Pass,Pass,Skip,Pass,Pass,Pass,Pass,Pass,Pass,Pass,Pass,Pass,Pass,Pass,Pass,Pass,Pass,Pass,Pass,Pass,Pass,Pass,Pass,Pass,Pass,Pass,Pass,Pass,Pass,Pass,Pass,Pass,Pass,Pass,Pass,
10-14-2014,11:34:07,46.4,5,153180000083,PASS,Pass,Pass,Pass,Pass,Pass,Pass,Pass,Pass,Skip,Pass,Pass,Pass,Pass,Pass,Pass,Pass,Pass,Pass,Pass,Pass,Pass,Pass,Pass,Pass,Pass,Pass,Pass,Pass,Pass,Pass,Pass,Pass,Pass,Pass,Pass,Pass,Pass,Pass,Pass,Pass,Pass,
10-14-2014,11:34:07,48.3,3,153180000071,PASS,Pass,Pass,Pass,Pass,Pass,Pass,Pass,Pass,Skip,Pass,Pass,Pass,Pass,Pass,Pass,Pass,Pass,Pass,Pass,Pass,Pass,Pass,Pass,Pass,Pass,Pass,Pass,Pass,Pass,Pass,Pass,Pass,Pass,Pass,Pass,Pass,Pass,Pass,Pass,Pass,Pass,
10-14-2014,11:34:32,4.5,2,,FAIL,Pass,Pass,Pass,Pass,Fail,,,,,,,,,,,,,,,,,,,,,,,,,,,,,,,,,,,,,
10-14-2014,11:35:16,45.0,6,153180000083,PASS,Pass,Pass,Pass,Pass,Pass,Pass,Pass,Pass,Skip,Pass,Pass,Pass,Pass,Pass,Pass,Pass,Pass,Pass,Pass,Pass,Pass,Pass,Pass,Pass,Pass,Pass,Pass,Pass,Pass,Pass,Pass,Pass,Pass,Pass,Pass,Pass,Pass,Pass,Pass,Pass,Pass,
10-14-2014,11:35:17,46.9,4,153180000071,PASS,Pass,Pass,Pass,Pass,Pass,Pass,Pass,Pass,Skip,Pass,Pass,Pass,Pass,Pass,Pass,Pass,Pass,Pass,Pass,Pass,Pass,Pass,Pass,Pass,Pass,Pass,Pass,Pass,Pass,Pass,Pass,Pass,Pass,Pass,Pass,Pass,Pass,Pass,Pass,Pass,Pass,
10-14-2014,11:41:40,103.3,2,,FAIL,Pass,Pass,Pass,Pass,Fail,,,,,,,,,,,,,,,,,,,,,,,,,,,,,,,,,,,,,
10-14-2014,11:44:54,125.0,2,,FAIL,Pass,Pass,Pass,Pass,Fail,,,,,,,,,,,,,,,,,,,,,,,,,,,,,,,,,,,,,
10-14-2014,11:46:40,96.1,3,153180000071,PASS,Pass,Pass,Pass,Pass,Pass,Pass,Pass,Pass,Skip,Pass,Pass,Pass,Pass,Pass,Pass,Pass,Pass,Pass,Pass,Pass,Pass,Pass,Pass,Pass,Pass,Pass,Pass,Pass,Pass,Pass,Pass,Pass,Pass,Pass,Pass,Pass,Pass,Pass,Pass,Pass,Pass,
10-14-2014,11:49:39,2.9,2,,FAIL,Pass,Pass,Pass,Pass,Fail,,,,,,,,,,,,,,,,,,,,,,,,,,,,,,,,,,,,,
10-14-2014,13:40:38,46.4,5,154180000216,PASS,Pass,Pass,Pass,Pass,Pass,Pass,Pass,Pass,Skip,Pass,Pass,Pass,Pass,Pass,Pass,Pass,Pass,Pass,Pass,Pass,Pass,Pass,Pass,Pass,Pass,Pass,Pass,Pass,Pass,Pass,Pass,Pass,Pass,Pass,Pass,Pass,Pass,Pass,Pass,Skip,Pass,
10-14-2014,13:40:45,51.5,3,154180000213,PASS,Pass,Pass,Pass,Pass,Pass,Pass,Pass,Pass,Skip,Pass,Pass,Pass,Pass,Pass,Pass,Pass,Pass,Pass,Pass,Pass,Pass,Pass,Pass,Pass,Pass,Pass,Pass,Pass,Pass,Pass,Pass,Pass,Pass,Pass,Pass,Pass,Pass,Pass,Pass,Skip,Pass,
10-14-2014,13:41:32,46.5,4,154180000212,PASS,Pass,Pass,Pass,Pass,Pass,Pass,Pass,Pass,Skip,Pass,Pass,Pass,Pass,Pass,Pass,Pass,Pass,Pass,Pass,Pass,Pass,Pass,Pass,Pass,Pass,Pass,Pass,Pass,Pass,Pass,Pass,Pass,Pass,Pass,Pass,Pass,Pass,Pass,Pass,Skip,Pass,
10-14-2014,13:41:35,56.4,6,154180000214,PASS,Pass,Pass,Pass,Pass,Pass,Pass,Pass,Pass,Skip,Pass,Pass,Pass,Pass,Pass,Pass,Pass,Pass,Pass,Pass,Pass,Pass,Pass,Pass,Pass,Pass,Pass,Pass,Pass,Pass,Pass,Pass,Pass,Pass,Pass,Pass,Pass,Pass,Pass,Pass,Skip,Pass,
10-14-2014,13:42:32,56.8,3,154180000215,PASS,Pass,Pass,Pass,Pass,Pass,Pass,Pass,Pass,Skip,Pass,Pass,Pass,Pass,Pass,Pass,Pass,Pass,Pass,Pass,Pass,Pass,Pass,Pass,Pass,Pass,Pass,Pass,Pass,Pass,Pass,Pass,Pass,Pass,Pass,Pass,Pass,Pass,Pass,Pass,Skip,Pass,
10-14-2014,13:43:08,52.2,5,154180000211,PASS,Pass,Pass,Pass,Pass,Pass,Pass,Pass,Pass,Skip,Pass,Pass,Pass,Pass,Pass,Pass,Pass,Pass,Pass,Pass,Pass,Pass,Pass,Pass,Pass,Pass,Pass,Pass,Pass,Pass,Pass,Pass,Pass,Pass,Pass,Pass,Pass,Pass,Pass,Pass,Skip,Pass,
10-14-2014,13:43:16,43.7,4,154180000135,PASS,Pass,Pass,Pass,Pass,Pass,Pass,Pass,Pass,Skip,Pass,Pass,Pass,Pass,Pass,Pass,Pass,Pass,Pass,Pass,Pass,Pass,Pass,Pass,Pass,Pass,Pass,Pass,Pass,Pass,Pass,Pass,Pass,Pass,Pass,Pass,Pass,Pass,Pass,Pass,Skip,Pass,
10-14-2014,13:43:54,45.9,6,154180000136,PASS,Pass,Pass,Pass,Pass,Pass,Pass,Pass,Pass,Skip,Pass,Pass,Pass,Pass,Pass,Pass,Pass,Pass,Pass,Pass,Pass,Pass,Pass,Pass,Pass,Pass,Pass,Pass,Pass,Pass,Pass,Pass,Pass,Pass,Pass,Pass,Pass,Pass,Pass,Pass,Skip,Pass,
10-14-2014,13:44:02,46.0,3,154180000133,PASS,Pass,Pass,Pass,Pass,Pass,Pass,Pass,Pass,Skip,Pass,Pass,Pass,Pass,Pass,Pass,Pass,Pass,Pass,Pass,Pass,Pass,Pass,Pass,Pass,Pass,Pass,Pass,Pass,Pass,Pass,Pass,Pass,Pass,Pass,Pass,Pass,Pass,Pass,Pass,Skip,Pass,
10-14-2014,13:44:45,50.9,5,154180000131,PASS,Pass,Pass,Pass,Pass,Pass,Pass,Pass,Pass,Skip,Pass,Pass,Pass,Pass,Pass,Pass,Pass,Pass,Pass,Pass,Pass,Pass,Pass,Pass,Pass,Pass,Pass,Pass,Pass,Pass,Pass,Pass,Pass,Pass,Pass,Pass,Pass,Pass,Pass,Pass,Skip,Pass,
10-14-2014,13:44:48,46.0,4,154180000206,PASS,Pass,Pass,Pass,Pass,Pass,Pass,Pass,Pass,Skip,Pass,Pass,Pass,Pass,Pass,Pass,Pass,Pass,Pass,Pass,Pass,Pass,Pass,Pass,Pass,Pass,Pass,Pass,Pass,Pass,Pass,Pass,Pass,Pass,Pass,Pass,Pass,Pass,Pass,Pass,Skip,Pass,
10-14-2014,13:45:38,52.9,6,154180000243,PASS,Pass,Pass,Pass,Pass,Pass,Pass,Pass,Pass,Skip,Pass,Pass,Pass,Pass,Pass,Pass,Pass,Pass,Pass,Pass,Pass,Pass,Pass,Pass,Pass,Pass,Pass,Pass,Pass,Pass,Pass,Pass,Pass,Pass,Pass,Pass,Pass,Pass,Pass,Pass,Skip,Pass,
10-14-2014,13:45:38,50.2,3,154180000205,PASS,Pass,Pass,Pass,Pass,Pass,Pass,Pass,Pass,Skip,Pass,Pass,Pass,Pass,Pass,Pass,Pass,Pass,Pass,Pass,Pass,Pass,Pass,Pass,Pass,Pass,Pass,Pass,Pass,Pass,Pass,Pass,Pass,Pass,Pass,Pass,Pass,Pass,Pass,Pass,Skip,Pass,
10-14-2014,13:46:28,49.5,4,154180000242,PASS,Pass,Pass,Pass,Pass,Pass,Pass,Pass,Pass,Skip,Pass,Pass,Pass,Pass,Pass,Pass,Pass,Pass,Pass,Pass,Pass,Pass,Pass,Pass,Pass,Pass,Pass,Pass,Pass,Pass,Pass,Pass,Pass,Pass,Pass,Pass,Pass,Pass,Pass,Pass,Skip,Pass,
10-14-2014,13:46:29,50.4,5,154180000244,PASS,Pass,Pass,Pass,Pass,Pass,Pass,Pass,Pass,Skip,Pass,Pass,Pass,Pass,Pass,Pass,Pass,Pass,Pass,Pass,Pass,Pass,Pass,Pass,Pass,Pass,Pass,Pass,Pass,Pass,Pass,Pass,Pass,Pass,Pass,Pass,Pass,Pass,Pass,Pass,Skip,Pass,
10-14-2014,13:47:16,47.5,6,154180000241,PASS,Pass,Pass,Pass,Pass,Pass,Pass,Pass,Pass,Skip,Pass,Pass,Pass,Pass,Pass,Pass,Pass,Pass,Pass,Pass,Pass,Pass,Pass,Pass,Pass,Pass,Pass,Pass,Pass,Pass,Pass,Pass,Pass,Pass,Pass,Pass,Pass,Pass,Pass,Pass,Skip,Pass,
10-14-2014,13:47:19,50.8,3,154180000302,PASS,Pass,Pass,Pass,Pass,Pass,Pass,Pass,Pass,Skip,Pass,Pass,Pass,Pass,Pass,Pass,Pass,Pass,Pass,Pass,Pass,Pass,Pass,Pass,Pass,Pass,Pass,Pass,Pass,Pass,Pass,Pass,Pass,Pass,Pass,Pass,Pass,Pass,Pass,Pass,Skip,Pass,
10-14-2014,13:47:22,3.0,4,,FAIL,Pass,Pass,Pass,Pass,Pass,Pass,Fail,,,,,,,,,,,,,,,,,,,,,,,,,,,,,,,,,,,
10-14-2014,13:48:09,52.2,5,154180000244,PASS,Pass,Pass,Pass,Pass,Pass,Pass,Pass,Pass,Skip,Pass,Pass,Pass,Pass,Pass,Pass,Pass,Pass,Pass,Pass,Pass,Pass,Pass,Pass,Pass,Pass,Pass,Pass,Pass,Pass,Pass,Pass,Pass,Pass,Pass,Pass,Pass,Pass,Pass,Pass,Skip,Pass,
10-14-2014,13:49:46,52.8,4,154180000301,PASS,Pass,Pass,Pass,Pass,Pass,Pass,Pass,Pass,Skip,Pass,Pass,Pass,Pass,Pass,Pass,Pass,Pass,Pass,Pass,Pass,Pass,Pass,Pass,Pass,Pass,Pass,Pass,Pass,Pass,Pass,Pass,Pass,Pass,Pass,Pass,Pass,Pass,Pass,Pass,Skip,Pass,
10-14-2014,13:49:48,56.7,6,154180000245,PASS,Pass,Pass,Pass,Pass,Pass,Pass,Pass,Pass,Skip,Pass,Pass,Pass,Pass,Pass,Pass,Pass,Pass,Pass,Pass,Pass,Pass,Pass,Pass,Pass,Pass,Pass,Pass,Pass,Pass,Pass,Pass,Pass,Pass,Pass,Pass,Pass,Pass,Pass,Pass,Skip,Pass,
10-14-2014,13:50:30,43.7,3,154180000246,PASS,Pass,Pass,Pass,Pass,Pass,Pass,Pass,Pass,Skip,Pass,Pass,Pass,Pass,Pass,Pass,Pass,Pass,Pass,Pass,Pass,Pass,Pass,Pass,Pass,Pass,Pass,Pass,Pass,Pass,Pass,Pass,Pass,Pass,Pass,Pass,Pass,Pass,Pass,Pass,Skip,Pass,
10-14-2014,13:50:33,45.2,5,154180000303,PASS,Pass,Pass,Pass,Pass,Pass,Pass,Pass,Pass,Skip,Pass,Pass,Pass,Pass,Pass,Pass,Pass,Pass,Pass,Pass,Pass,Pass,Pass,Pass,Pass,Pass,Pass,Pass,Pass,Pass,Pass,Pass,Pass,Pass,Pass,Pass,Pass,Pass,Pass,Pass,Skip,Pass,
10-14-2014,13:51:20,50.3,4,154180000304,PASS,Pass,Pass,Pass,Pass,Pass,Pass,Pass,Pass,Skip,Pass,Pass,Pass,Pass,Pass,Pass,Pass,Pass,Pass,Pass,Pass,Pass,Pass,Pass,Pass,Pass,Pass,Pass,Pass,Pass,Pass,Pass,Pass,Pass,Pass,Pass,Pass,Pass,Pass,Pass,Skip,Pass,
10-14-2014,13:51:22,48.6,6,154180000306,PASS,Pass,Pass,Pass,Pass,Pass,Pass,Pass,Pass,Skip,Pass,Pass,Pass,Pass,Pass,Pass,Pass,Pass,Pass,Pass,Pass,Pass,Pass,Pass,Pass,Pass,Pass,Pass,Pass,Pass,Pass,Pass,Pass,Pass,Pass,Pass,Pass,Pass,Pass,Pass,Skip,Pass,
10-14-2014,13:51:25,2.9,5,,FAIL,Pass,Pass,Pass,Pass,Pass,Pass,Fail,,,,,,,,,,,,,,,,,,,,,,,,,,,,,,,,,,,
10-14-2014,13:52:10,50.2,3,154180000305,PASS,Pass,Pass,Pass,Pass,Pass,Pass,Pass,Pass,Skip,Pass,Pass,Pass,Pass,Pass,Pass,Pass,Pass,Pass,Pass,Pass,Pass,Pass,Pass,Pass,Pass,Pass,Pass,Pass,Pass,Pass,Pass,Pass,Pass,Pass,Pass,Pass,Pass,Pass,Pass,Skip,Pass,
10-14-2014,13:52:56,53.2,6,154180000304,PASS,Pass,Pass,Pass,Pass,Pass,Pass,Pass,Pass,Skip,Pass,Pass,Pass,Pass,Pass,Pass,Pass,Pass,Pass,Pass,Pass,Pass,Pass,Pass,Pass,Pass,Pass,Pass,Pass,Pass,Pass,Pass,Pass,Pass,Pass,Pass,Pass,Pass,Pass,Pass,Skip,Pass,
10-14-2014,13:53:01,50.2,4,154180000306,PASS,Pass,Pass,Pass,Pass,Pass,Pass,Pass,Pass,Skip,Pass,Pass,Pass,Pass,Pass,Pass,Pass,Pass,Pass,Pass,Pass,Pass,Pass,Pass,Pass,Pass,Pass,Pass,Pass,Pass,Pass,Pass,Pass,Pass,Pass,Pass,Pass,Pass,Pass,Pass,Skip,Pass,
10-14-2014,13:53:04,2.9,3,,FAIL,Pass,Pass,Pass,Pass,Pass,Pass,Fail,,,,,,,,,,,,,,,,,,,,,,,,,,,,,,,,,,,
10-14-2014,13:53:41,45.0,5,154180000204,PASS,Pass,Pass,Pass,Pass,Pass,Pass,Pass,Pass,Skip,Pass,Pass,Pass,Pass,Pass,Pass,Pass,Pass,Pass,Pass,Pass,Pass,Pass,Pass,Pass,Pass,Pass,Pass,Pass,Pass,Pass,Pass,Pass,Pass,Pass,Pass,Pass,Pass,Pass,Pass,Skip,Pass,
10-14-2014,13:53:59,47.2,4,154180000201,PASS,Pass,Pass,Pass,Pass,Pass,Pass,Pass,Pass,Skip,Pass,Pass,Pass,Pass,Pass,Pass,Pass,Pass,Pass,Pass,Pass,Pass,Pass,Pass,Pass,Pass,Pass,Pass,Pass,Pass,Pass,Pass,Pass,Pass,Pass,Pass,Pass,Pass,Pass,Pass,Skip,Pass,
10-14-2014,13:54:27,45.6,6,154180000203,PASS,Pass,Pass,Pass,Pass,Pass,Pass,Pass,Pass,Skip,Pass,Pass,Pass,Pass,Pass,Pass,Pass,Pass,Pass,Pass,Pass,Pass,Pass,Pass,Pass,Pass,Pass,Pass,Pass,Pass,Pass,Pass,Pass,Pass,Pass,Pass,Pass,Pass,Pass,Pass,Skip,Pass,
10-14-2014,13:54:51,52.5,3,154180000306,PASS,Pass,Pass,Pass,Pass,Pass,Pass,Pass,Pass,Skip,Pass,Pass,Pass,Pass,Pass,Pass,Pass,Pass,Pass,Pass,Pass,Pass,Pass,Pass,Pass,Pass,Pass,Pass,Pass,Pass,Pass,Pass,Pass,Pass,Pass,Pass,Pass,Pass,Pass,Pass,Skip,Pass,
10-14-2014,13:55:18,51.5,5,154180000202,PASS,Pass,Pass,Pass,Pass,Pass,Pass,Pass,Pass,Skip,Pass,Pass,Pass,Pass,Pass,Pass,Pass,Pass,Pass,Pass,Pass,Pass,Pass,Pass,Pass,Pass,Pass,Pass,Pass,Pass,Pass,Pass,Pass,Pass,Pass,Pass,Pass,Pass,Pass,Pass,Skip,Pass,
10-14-2014,13:57:39,43.7,5,154080000055,PASS,Pass,Pass,Pass,Pass,Pass,Pass,Pass,Pass,Skip,Pass,Pass,Pass,Pass,Pass,Pass,Pass,Pass,Pass,Pass,Pass,Pass,Pass,Pass,Pass,Pass,Pass,Pass,Pass,Pass,Pass,Pass,Pass,Pass,Pass,Pass,Pass,Pass,Pass,Pass,Skip,Pass,
10-14-2014,13:57:39,46.1,3,154080000054,PASS,Pass,Pass,Pass,Pass,Pass,Pass,Pass,Pass,Skip,Pass,Pass,Pass,Pass,Pass,Pass,Pass,Pass,Pass,Pass,Pass,Pass,Pass,Pass,Pass,Pass,Pass,Pass,Pass,Pass,Pass,Pass,Pass,Pass,Pass,Pass,Pass,Pass,Pass,Pass,Skip,Pass,
10-14-2014,13:58:21,41.4,4,154080000104,PASS,Pass,Pass,Pass,Pass,Pass,Pass,Pass,Pass,Skip,Pass,Pass,Pass,Pass,Pass,Pass,Pass,Pass,Pass,Pass,Pass,Pass,Pass,Pass,Pass,Pass,Pass,Pass,Pass,Pass,Pass,Pass,Pass,Pass,Pass,Pass,Pass,Pass,Pass,Pass,Skip,Pass,
10-14-2014,13:58:23,43.7,6,154080000053,PASS,Pass,Pass,Pass,Pass,Pass,Pass,Pass,Pass,Skip,Pass,Pass,Pass,Pass,Pass,Pass,Pass,Pass,Pass,Pass,Pass,Pass,Pass,Pass,Pass,Pass,Pass,Pass,Pass,Pass,Pass,Pass,Pass,Pass,Pass,Pass,Pass,Pass,Pass,Pass,Skip,Pass,
10-14-2014,13:59:07,44.6,5,154080000051,PASS,Pass,Pass,Pass,Pass,Pass,Pass,Pass,Pass,Skip,Pass,Pass,Pass,Pass,Pass,Pass,Pass,Pass,Pass,Pass,Pass,Pass,Pass,Pass,Pass,Pass,Pass,Pass,Pass,Pass,Pass,Pass,Pass,Pass,Pass,Pass,Pass,Pass,Pass,Pass,Skip,Pass,
10-14-2014,13:59:11,50.3,3,154080000052,PASS,Pass,Pass,Pass,Pass,Pass,Pass,Pass,Pass,Skip,Pass,Pass,Pass,Pass,Pass,Pass,Pass,Pass,Pass,Pass,Pass,Pass,Pass,Pass,Pass,Pass,Pass,Pass,Pass,Pass,Pass,Pass,Pass,Pass,Pass,Pass,Pass,Pass,Pass,Pass,Skip,Pass,
10-14-2014,14:01:41,46.4,3,154180000303,PASS,Pass,Pass,Pass,Pass,Pass,Pass,Pass,Pass,Skip,Pass,Pass,Pass,Pass,Pass,Pass,Pass,Pass,Pass,Pass,Pass,Pass,Pass,Pass,Pass,Pass,Pass,Pass,Pass,Pass,Pass,Pass,Pass,Pass,Pass,Pass,Pass,Pass,Pass,Pass,Skip,Pass,
10-14-2014,14:03:17,45.0,3,154180000204,PASS,Pass,Pass,Pass,Pass,Pass,Pass,Pass,Pass,Skip,Pass,Pass,Pass,Pass,Pass,Pass,Pass,Pass,Pass,Pass,Pass,Pass,Pass,Pass,Pass,Pass,Pass,Pass,Pass,Pass,Pass,Pass,Pass,Pass,Pass,Pass,Pass,Pass,Pass,Pass,Skip,Pass,
10-14-2014,14:03:30,56.3,5,154180000301,PASS,Pass,Pass,Pass,Pass,Pass,Pass,Pass,Pass,Skip,Pass,Pass,Pass,Pass,Pass,Pass,Pass,Pass,Pass,Pass,Pass,Pass,Pass,Pass,Pass,Pass,Pass,Pass,Pass,Pass,Pass,Pass,Pass,Pass,Pass,Pass,Pass,Pass,Pass,Pass,Skip,Pass,
10-14-2014,14:04:05,47.9,4,154180000201,PASS,Pass,Pass,Pass,Pass,Pass,Pass,Pass,Pass,Skip,Pass,Pass,Pass,Pass,Pass,Pass,Pass,Pass,Pass,Pass,Pass,Pass,Pass,Pass,Pass,Pass,Pass,Pass,Pass,Pass,Pass,Pass,Pass,Pass,Pass,Pass,Pass,Pass,Pass,Pass,Skip,Pass,
10-14-2014,14:04:16,46.0,6,154180000203,PASS,Pass,Pass,Pass,Pass,Pass,Pass,Pass,Pass,Skip,Pass,Pass,Pass,Pass,Pass,Pass,Pass,Pass,Pass,Pass,Pass,Pass,Pass,Pass,Pass,Pass,Pass,Pass,Pass,Pass,Pass,Pass,Pass,Pass,Pass,Pass,Pass,Pass,Pass,Pass,Skip,Pass,
10-14-2014,14:04:56,50.8,3,154180000306,PASS,Pass,Pass,Pass,Pass,Pass,Pass,Pass,Pass,Skip,Pass,Pass,Pass,Pass,Pass,Pass,Pass,Pass,Pass,Pass,Pass,Pass,Pass,Pass,Pass,Pass,Pass,Pass,Pass,Pass,Pass,Pass,Pass,Pass,Pass,Pass,Pass,Pass,Pass,Pass,Skip,Pass,
10-14-2014,14:05:08,51.6,5,154180000304,PASS,Pass,Pass,Pass,Pass,Pass,Pass,Pass,Pass,Skip,Pass,Pass,Pass,Pass,Pass,Pass,Pass,Pass,Pass,Pass,Pass,Pass,Pass,Pass,Pass,Pass,Pass,Pass,Pass,Pass,Pass,Pass,Pass,Pass,Pass,Pass,Pass,Pass,Pass,Pass,Skip,Pass,
10-14-2014,14:05:53,51.5,4,154180000202,PASS,Pass,Pass,Pass,Pass,Pass,Pass,Pass,Pass,Skip,Pass,Pass,Pass,Pass,Pass,Pass,Pass,Pass,Pass,Pass,Pass,Pass,Pass,Pass,Pass,Pass,Pass,Pass,Pass,Pass,Pass,Pass,Pass,Pass,Pass,Pass,Pass,Pass,Pass,Pass,Skip,Pass,
10-14-2014,14:05:59,50.9,6,154180000305,PASS,Pass,Pass,Pass,Pass,Pass,Pass,Pass,Pass,Skip,Pass,Pass,Pass,Pass,Pass,Pass,Pass,Pass,Pass,Pass,Pass,Pass,Pass,Pass,Pass,Pass,Pass,Pass,Pass,Pass,Pass,Pass,Pass,Pass,Pass,Pass,Pass,Pass,Pass,Pass,Skip,Pass,
10-14-2014,14:06:37,43.6,3,154180000246,PASS,Pass,Pass,Pass,Pass,Pass,Pass,Pass,Pass,Skip,Pass,Pass,Pass,Pass,Pass,Pass,Pass,Pass,Pass,Pass,Pass,Pass,Pass,Pass,Pass,Pass,Pass,Pass,Pass,Pass,Pass,Pass,Pass,Pass,Pass,Pass,Pass,Pass,Pass,Pass,Skip,Pass,
10-14-2014,14:06:56,56.5,5,154180000245,PASS,Pass,Pass,Pass,Pass,Pass,Pass,Pass,Pass,Skip,Pass,Pass,Pass,Pass,Pass,Pass,Pass,Pass,Pass,Pass,Pass,Pass,Pass,Pass,Pass,Pass,Pass,Pass,Pass,Pass,Pass,Pass,Pass,Pass,Pass,Pass,Pass,Pass,Pass,Pass,Skip,Pass,
10-14-2014,14:07:27,49.9,4,154180000244,PASS,Pass,Pass,Pass,Pass,Pass,Pass,Pass,Pass,Skip,Pass,Pass,Pass,Pass,Pass,Pass,Pass,Pass,Pass,Pass,Pass,Pass,Pass,Pass,Pass,Pass,Pass,Pass,Pass,Pass,Pass,Pass,Pass,Pass,Pass,Pass,Pass,Pass,Pass,Pass,Skip,Pass,
10-14-2014,14:07:41,45.8,6,154180000216,PASS,Pass,Pass,Pass,Pass,Pass,Pass,Pass,Pass,Skip,Pass,Pass,Pass,Pass,Pass,Pass,Pass,Pass,Pass,Pass,Pass,Pass,Pass,Pass,Pass,Pass,Pass,Pass,Pass,Pass,Pass,Pass,Pass,Pass,Pass,Pass,Pass,Pass,Pass,Pass,Skip,Pass,
10-14-2014,14:08:19,51.6,3,154180000213,PASS,Pass,Pass,Pass,Pass,Pass,Pass,Pass,Pass,Skip,Pass,Pass,Pass,Pass,Pass,Pass,Pass,Pass,Pass,Pass,Pass,Pass,Pass,Pass,Pass,Pass,Pass,Pass,Pass,Pass,Pass,Pass,Pass,Pass,Pass,Pass,Pass,Pass,Pass,Pass,Skip,Pass,
10-14-2014,14:08:28,46.5,5,154180000212,PASS,Pass,Pass,Pass,Pass,Pass,Pass,Pass,Pass,Skip,Pass,Pass,Pass,Pass,Pass,Pass,Pass,Pass,Pass,Pass,Pass,Pass,Pass,Pass,Pass,Pass,Pass,Pass,Pass,Pass,Pass,Pass,Pass,Pass,Pass,Pass,Pass,Pass,Pass,Pass,Skip,Pass,
10-14-2014,14:09:15,47.2,6,154180000132,PASS,Pass,Pass,Pass,Pass,Pass,Pass,Pass,Pass,Skip,Pass,Pass,Pass,Pass,Pass,Pass,Pass,Pass,Pass,Pass,Pass,Pass,Pass,Pass,Pass,Pass,Pass,Pass,Pass,Pass,Pass,Pass,Pass,Pass,Pass,Pass,Pass,Pass,Pass,Pass,Skip,Pass,
10-14-2014,14:09:15,56.5,4,154180000214,PASS,Pass,Pass,Pass,Pass,Pass,Pass,Pass,Pass,Skip,Pass,Pass,Pass,Pass,Pass,Pass,Pass,Pass,Pass,Pass,Pass,Pass,Pass,Pass,Pass,Pass,Pass,Pass,Pass,Pass,Pass,Pass,Pass,Pass,Pass,Pass,Pass,Pass,Pass,Pass,Skip,Pass,
10-14-2014,14:09:59,43.9,3,154180000135,PASS,Pass,Pass,Pass,Pass,Pass,Pass,Pass,Pass,Skip,Pass,Pass,Pass,Pass,Pass,Pass,Pass,Pass,Pass,Pass,Pass,Pass,Pass,Pass,Pass,Pass,Pass,Pass,Pass,Pass,Pass,Pass,Pass,Pass,Pass,Pass,Pass,Pass,Pass,Pass,Skip,Pass,
10-14-2014,14:10:08,53.1,5,154180000211,PASS,Pass,Pass,Pass,Pass,Pass,Pass,Pass,Pass,Skip,Pass,Pass,Pass,Pass,Pass,Pass,Pass,Pass,Pass,Pass,Pass,Pass,Pass,Pass,Pass,Pass,Pass,Pass,Pass,Pass,Pass,Pass,Pass,Pass,Pass,Pass,Pass,Pass,Pass,Pass,Skip,Pass,
10-14-2014,14:10:45,45.8,4,154180000136,PASS,Pass,Pass,Pass,Pass,Pass,Pass,Pass,Pass,Skip,Pass,Pass,Pass,Pass,Pass,Pass,Pass,Pass,Pass,Pass,Pass,Pass,Pass,Pass,Pass,Pass,Pass,Pass,Pass,Pass,Pass,Pass,Pass,Pass,Pass,Pass,Pass,Pass,Pass,Pass,Skip,Pass,
10-14-2014,14:11:05,56.7,6,154180000215,PASS,Pass,Pass,Pass,Pass,Pass,Pass,Pass,Pass,Skip,Pass,Pass,Pass,Pass,Pass,Pass,Pass,Pass,Pass,Pass,Pass,Pass,Pass,Pass,Pass,Pass,Pass,Pass,Pass,Pass,Pass,Pass,Pass,Pass,Pass,Pass,Pass,Pass,Pass,Pass,Skip,Pass,
10-14-2014,14:11:49,46.7,3,154180000206,PASS,Pass,Pass,Pass,Pass,Pass,Pass,Pass,Pass,Skip,Pass,Pass,Pass,Pass,Pass,Pass,Pass,Pass,Pass,Pass,Pass,Pass,Pass,Pass,Pass,Pass,Pass,Pass,Pass,Pass,Pass,Pass,Pass,Pass,Pass,Pass,Pass,Pass,Pass,Pass,Skip,Pass,
10-14-2014,14:12:01,45.8,5,154180000133,PASS,Pass,Pass,Pass,Pass,Pass,Pass,Pass,Pass,Skip,Pass,Pass,Pass,Pass,Pass,Pass,Pass,Pass,Pass,Pass,Pass,Pass,Pass,Pass,Pass,Pass,Pass,Pass,Pass,Pass,Pass,Pass,Pass,Pass,Pass,Pass,Pass,Pass,Pass,Pass,Skip,Pass,
10-14-2014,14:12:39,50.2,4,154180000131,PASS,Pass,Pass,Pass,Pass,Pass,Pass,Pass,Pass,Skip,Pass,Pass,Pass,Pass,Pass,Pass,Pass,Pass,Pass,Pass,Pass,Pass,Pass,Pass,Pass,Pass,Pass,Pass,Pass,Pass,Pass,Pass,Pass,Pass,Pass,Pass,Pass,Pass,Pass,Pass,Skip,Pass,
10-14-2014,14:12:57,55.9,6,154180000243,PASS,Pass,Pass,Pass,Pass,Pass,Pass,Pass,Pass,Skip,Pass,Pass,Pass,Pass,Pass,Pass,Pass,Pass,Pass,Pass,Pass,Pass,Pass,Pass,Pass,Pass,Pass,Pass,Pass,Pass,Pass,Pass,Pass,Pass,Pass,Pass,Pass,Pass,Pass,Pass,Skip,Pass,
10-14-2014,14:13:30,50.8,3,154180000205,PASS,Pass,Pass,Pass,Pass,Pass,Pass,Pass,Pass,Skip,Pass,Pass,Pass,Pass,Pass,Pass,Pass,Pass,Pass,Pass,Pass,Pass,Pass,Pass,Pass,Pass,Pass,Pass,Pass,Pass,Pass,Pass,Pass,Pass,Pass,Pass,Pass,Pass,Pass,Pass,Skip,Pass,
10-14-2014,14:13:46,49.4,5,154180000302,PASS,Pass,Pass,Pass,Pass,Pass,Pass,Pass,Pass,Skip,Pass,Pass,Pass,Pass,Pass,Pass,Pass,Pass,Pass,Pass,Pass,Pass,Pass,Pass,Pass,Pass,Pass,Pass,Pass,Pass,Pass,Pass,Pass,Pass,Pass,Pass,Pass,Pass,Pass,Pass,Skip,Pass,
10-14-2014,14:14:17,47.1,4,154180000241,PASS,Pass,Pass,Pass,Pass,Pass,Pass,Pass,Pass,Skip,Pass,Pass,Pass,Pass,Pass,Pass,Pass,Pass,Pass,Pass,Pass,Pass,Pass,Pass,Pass,Pass,Pass,Pass,Pass,Pass,Pass,Pass,Pass,Pass,Pass,Pass,Pass,Pass,Pass,Pass,Skip,Pass,
10-14-2014,14:25:44,45.7,6,154080000096,PASS,Pass,Pass,Pass,Pass,Pass,Pass,Pass,Pass,Skip,Pass,Pass,Pass,Pass,Pass,Pass,Pass,Pass,Pass,Pass,Pass,Pass,Pass,Pass,Pass,Pass,Pass,Pass,Pass,Pass,Pass,Pass,Pass,Pass,Pass,Pass,Pass,Pass,Pass,Pass,Skip,Pass,
10-14-2014,14:25:48,43.8,4,154080000051,PASS,Pass,Pass,Pass,Pass,Pass,Pass,Pass,Pass,Skip,Pass,Pass,Pass,Pass,Pass,Pass,Pass,Pass,Pass,Pass,Pass,Pass,Pass,Pass,Pass,Pass,Pass,Pass,Pass,Pass,Pass,Pass,Pass,Pass,Pass,Pass,Pass,Pass,Pass,Pass,Skip,Pass,
10-14-2014,14:26:29,41.4,3,154080000104,PASS,Pass,Pass,Pass,Pass,Pass,Pass,Pass,Pass,Skip,Pass,Pass,Pass,Pass,Pass,Pass,Pass,Pass,Pass,Pass,Pass,Pass,Pass,Pass,Pass,Pass,Pass,Pass,Pass,Pass,Pass,Pass,Pass,Pass,Pass,Pass,Pass,Pass,Pass,Pass,Skip,Pass,
10-14-2014,14:26:30,45.8,5,154080000095,PASS,Pass,Pass,Pass,Pass,Pass,Pass,Pass,Pass,Skip,Pass,Pass,Pass,Pass,Pass,Pass,Pass,Pass,Pass,Pass,Pass,Pass,Pass,Pass,Pass,Pass,Pass,Pass,Pass,Pass,Pass,Pass,Pass,Pass,Pass,Pass,Pass,Pass,Pass,Pass,Skip,Pass,
10-14-2014,14:27:13,43.7,4,154080000055,PASS,Pass,Pass,Pass,Pass,Pass,Pass,Pass,Pass,Skip,Pass,Pass,Pass,Pass,Pass,Pass,Pass,Pass,Pass,Pass,Pass,Pass,Pass,Pass,Pass,Pass,Pass,Pass,Pass,Pass,Pass,Pass,Pass,Pass,Pass,Pass,Pass,Pass,Pass,Pass,Skip,Pass,
10-14-2014,14:27:14,44.0,6,154080000053,PASS,Pass,Pass,Pass,Pass,Pass,Pass,Pass,Pass,Skip,Pass,Pass,Pass,Pass,Pass,Pass,Pass,Pass,Pass,Pass,Pass,Pass,Pass,Pass,Pass,Pass,Pass,Pass,Pass,Pass,Pass,Pass,Pass,Pass,Pass,Pass,Pass,Pass,Pass,Pass,Skip,Pass,
10-14-2014,14:29:01,45.3,3,154080000054,PASS,Pass,Pass,Pass,Pass,Pass,Pass,Pass,Pass,Skip,Pass,Pass,Pass,Pass,Pass,Pass,Pass,Pass,Pass,Pass,Pass,Pass,Pass,Pass,Pass,Pass,Pass,Pass,Pass,Pass,Pass,Pass,Pass,Pass,Pass,Pass,Pass,Pass,Pass,Pass,Skip,Pass,
10-14-2014,14:31:55,49.6,3,154080000052,PASS,Pass,Pass,Pass,Pass,Pass,Pass,Pass,Pass,Skip,Pass,Pass,Pass,Pass,Pass,Pass,Pass,Pass,Pass,Pass,Pass,Pass,Pass,Pass,Pass,Pass,Pass,Pass,Pass,Pass,Pass,Pass,Pass,Pass,Pass,Pass,Pass,Pass,Pass,Pass,Skip,Pass,
10-14-2014,14:38:18,46.3,3,154080000094,PASS,Pass,Pass,Pass,Pass,Pass,Pass,Pass,Pass,Skip,Pass,Pass,Pass,Pass,Pass,Pass,Pass,Pass,Pass,Pass,Pass,Pass,Pass,Pass,Pass,Pass,Pass,Pass,Pass,Pass,Pass,Pass,Pass,Pass,Pass,Pass,Pass,Pass,Pass,Pass,Skip,Pass,
10-14-2014,14:38:21,46.0,5,154080000093,PASS,Pass,Pass,Pass,Pass,Pass,Pass,Pass,Pass,Skip,Pass,Pass,Pass,Pass,Pass,Pass,Pass,Pass,Pass,Pass,Pass,Pass,Pass,Pass,Pass,Pass,Pass,Pass,Pass,Pass,Pass,Pass,Pass,Pass,Pass,Pass,Pass,Pass,Pass,Pass,Skip,Pass,
10-14-2014,14:39:04,46.0,4,154080000106,PASS,Pass,Pass,Pass,Pass,Pass,Pass,Pass,Pass,Skip,Pass,Pass,Pass,Pass,Pass,Pass,Pass,Pass,Pass,Pass,Pass,Pass,Pass,Pass,Pass,Pass,Pass,Pass,Pass,Pass,Pass,Pass,Pass,Pass,Pass,Pass,Pass,Pass,Pass,Pass,Skip,Pass,
10-14-2014,14:39:05,44.5,6,154080000105,PASS,Pass,Pass,Pass,Pass,Pass,Pass,Pass,Pass,Skip,Pass,Pass,Pass,Pass,Pass,Pass,Pass,Pass,Pass,Pass,Pass,Pass,Pass,Pass,Pass,Pass,Pass,Pass,Pass,Pass,Pass,Pass,Pass,Pass,Pass,Pass,Pass,Pass,Pass,Pass,Skip,Pass,
10-14-2014,14:39:47,43.2,3,154080000101,PASS,Pass,Pass,Pass,Pass,Pass,Pass,Pass,Pass,Skip,Pass,Pass,Pass,Pass,Pass,Pass,Pass,Pass,Pass,Pass,Pass,Pass,Pass,Pass,Pass,Pass,Pass,Pass,Pass,Pass,Pass,Pass,Pass,Pass,Pass,Pass,Pass,Pass,Pass,Pass,Skip,Pass,
10-14-2014,14:39:49,43.4,5,154080000092,PASS,Pass,Pass,Pass,Pass,Pass,Pass,Pass,Pass,Skip,Pass,Pass,Pass,Pass,Pass,Pass,Pass,Pass,Pass,Pass,Pass,Pass,Pass,Pass,Pass,Pass,Pass,Pass,Pass,Pass,Pass,Pass,Pass,Pass,Pass,Pass,Pass,Pass,Pass,Pass,Skip,Pass,
10-14-2014,14:42:19,2.8,2,,FAIL,Pass,Pass,Pass,Pass,Fail,,,,,,,,,,,,,,,,,,,,,,,,,,,,,,,,,,,,,
10-14-2014,14:43:10,44.0,1,153180000071,PASS,Pass,Pass,Pass,Pass,Pass,Pass,Pass,Pass,Skip,Pass,Pass,Pass,Pass,Pass,Pass,Pass,Pass,Pass,Pass,Pass,Pass,Pass,Pass,Pass,Pass,Pass,Pass,Pass,Pass,Pass,Pass,Pass,Pass,Pass,Pass,Pass,Pass,Pass,Pass,Pass,Pass,
10-14-2014,14:43:28,41.6,4,153180000034,PASS,Pass,Pass,Pass,Pass,Pass,Pass,Pass,Pass,Skip,Pass,Pass,Pass,Pass,Pass,Pass,Pass,Pass,Pass,Pass,Pass,Pass,Pass,Pass,Pass,Pass,Pass,Pass,Pass,Pass,Pass,Pass,Pass,Pass,Pass,Pass,Pass,Pass,Pass,Pass,Pass,Pass,
10-14-2014,14:44:08,44.4,1,153180000071,PASS,Pass,Pass,Pass,Pass,Pass,Pass,Pass,Pass,Skip,Pass,Pass,Pass,Pass,Pass,Pass,Pass,Pass,Pass,Pass,Pass,Pass,Pass,Pass,Pass,Pass,Pass,Pass,Pass,Pass,Pass,Pass,Pass,Pass,Pass,Pass,Pass,Pass,Pass,Pass,Pass,Pass,
10-14-2014,14:47:08,2.8,2,,FAIL,Pass,Pass,Pass,Pass,Fail,Fail,,,,,,,,,,,,,,,,,,,,,,,,,,,,,,,,,,,,
10-14-2014,14:47:47,41.7,4,153180000034,PASS,Pass,Pass,Pass,Pass,Pass,Pass,Pass,Pass,Skip,Pass,Pass,Pass,Pass,Pass,Pass,Pass,Pass,Pass,Pass,Pass,Pass,Pass,Pass,Pass,Pass,Pass,Pass,Pass,Pass,Pass,Pass,Pass,Pass,Pass,Pass,Pass,Pass,Pass,Pass,Pass,Pass,
10-14-2014,14:54:11,86.4,2,,FAIL,Pass,Pass,Pass,Pass,Fail,Fail,,,,,,,,,,,,,,,,,,,,,,,,,,,,,,,,,,,,
10-14-2014,14:57:12,50.9,5,154080000095,PASS,Pass,Pass,Pass,Pass,Pass,Pass,Pass,Pass,Skip,Pass,Pass,Pass,Pass,Pass,Pass,Pass,Pass,Pass,Pass,Pass,Pass,Pass,Pass,Pass,Pass,Pass,Pass,Pass,Pass,Pass,Pass,Pass,Pass,Pass,Pass,Pass,Pass,Pass,Pass,Skip,Pass,
10-14-2014,14:58:01,47.8,6,154080000055,PASS,Pass,Pass,Pass,Pass,Pass,Pass,Pass,Pass,Skip,Pass,Pass,Pass,Pass,Pass,Pass,Pass,Pass,Pass,Pass,Pass,Pass,Pass,Pass,Pass,Pass,Pass,Pass,Pass,Pass,Pass,Pass,Pass,Pass,Pass,Pass,Pass,Pass,Pass,Pass,Skip,Pass,
10-14-2014,15:01:42,17.1,2,153180000034,FAIL,Pass,Pass,Pass,Pass,Fail,Fail,Pass,Pass,Skip,Pass,Pass,Fail,Pass,Pass,Pass,Pass,Pass,Pass,Fail,Pass,Fail,Pass,Pass,Pass,Fail,Pass,Pass,Fail,Pass,Fail,Fail,Fail,Fail,Fail,Pass,Fail,Pass,Pass,Pass,Pass,Pass,
10-14-2014,15:06:43,17.2,2,153180000034,FAIL,Pass,Pass,Pass,Pass,Fail,Fail,Pass,Pass,Skip,Pass,Pass,Fail,Pass,Pass,Pass,Pass,Pass,Pass,Fail,Pass,Fail,Pass,Pass,Pass,Fail,Pass,Pass,Fail,Pass,Fail,Fail,Fail,Fail,Fail,Pass,Fail,Pass,Pass,Pass,Pass,Pass,
10-14-2014,15:07:52,45.9,4,153180000083,PASS,Pass,Pass,Pass,Pass,Pass,Pass,Pass,Pass,Skip,Pass,Pass,Pass,Pass,Pass,Pass,Pass,Pass,Pass,Pass,Pass,Pass,Pass,Pass,Pass,Pass,Pass,Pass,Pass,Pass,Pass,Pass,Pass,Pass,Pass,Pass,Pass,Pass,Pass,Pass,Pass,Pass,
10-14-2014,15:08:07,47.4,6,153180000071,PASS,Pass,Pass,Pass,Pass,Pass,Pass,Pass,Pass,Skip,Pass,Pass,Pass,Pass,Pass,Pass,Pass,Pass,Pass,Pass,Pass,Pass,Pass,Pass,Pass,Pass,Pass,Pass,Pass,Pass,Pass,Pass,Pass,Pass,Pass,Pass,Pass,Pass,Pass,Pass,Pass,Pass,
10-14-2014,15:13:21,90.4,2,153180000071,FAIL,Pass,Pass,Pass,Pass,Fail,Fail,Pass,Pass,Skip,Pass,Pass,Fail,Pass,Pass,Pass,Pass,Pass,Pass,Fail,Pass,Fail,Pass,Pass,Pass,Fail,Pass,Pass,Fail,Pass,Fail,Fail,Fail,Fail,Fail,Pass,Fail,Pass,Pass,Pass,Pass,Pass,
10-14-2014,15:21:35,18.4,2,153180000071,FAIL,Pass,Pass,Pass,Pass,Fail,Fail,Pass,Pass,Skip,Pass,Pass,Fail,Pass,Pass,Pass,Pass,Pass,Pass,Fail,Pass,Fail,Pass,Pass,Pass,Fail,Pass,Pass,Fail,Pass,Fail,Fail,Fail,Fail,Fail,Pass,Fail,Pass,Pass,Pass,Pass,Pass,
10-14-2014,15:22:01,49.4,4,153180000083,FAIL,Pass,Pass,Pass,Pass,Pass,Pass,Pass,Pass,Skip,Pass,Pass,Pass,Pass,Pass,Pass,Pass,Pass,Pass,Pass,Pass,Pass,Pass,Pass,Pass,Pass,Pass,Pass,Pass,Pass,Pass,Pass,Pass,Pass,Pass,Pass,Fail,Pass,Pass,Pass,Pass,Pass,
10-14-2014,15:28:20,5.7,2,,FAIL,Pass,Pass,Pass,Pass,Fail,,,,,,,,,,,,,,,,,,,,,,,,,,,,,,,,,,,,,
10-14-2014,15:59:53,42.9,1,153180000083,PASS,Pass,Pass,Pass,Pass,Pass,Pass,Pass,Pass,Skip,Pass,Pass,Pass,Pass,Pass,Pass,Pass,Pass,Pass,Pass,Pass,Pass,Pass,Pass,Pass,Pass,Pass,Pass,Pass,Pass,Pass,Pass,Pass,Pass,Pass,Pass,Pass,Pass,Pass,Pass,Pass,Pass,
10-14-2014,16:00:03,4.6,2,,FAIL,Pass,Pass,Pass,Pass,Fail,,,,,,,,,,,,,,,,,,,,,,,,,,,,,,,,,,,,,
10-14-2014,16:03:45,43.2,1,,FAIL,Pass,Pass,Pass,Pass,Pass,Fail,,,,,,,,,,,,,,,,,,,,,,,,,,,,,,,,,,,,
10-14-2014,16:11:21,2.8,2,,FAIL,Pass,Pass,Pass,Pass,Fail,,,,,,,,,,,,,,,,,,,,,,,,,,,,,,,,,,,,,
10-14-2014,16:18:43,211.2,2,153180000083,FAIL,Pass,Pass,Pass,Pass,Pass,Pass,Pass,Pass,Skip,Pass,Pass,Pass,Pass,Pass,Pass,Pass,Pass,Pass,Pass,Pass,Pass,Pass,Pass,Pass,Pass,Pass,Pass,Pass,Pass,Pass,Pass,Pass,Pass,Pass,Pass,Fail,Pass,Pass,Pass,Pass,Pass,
10-14-2014,16:20:59,7.3,4,,FAIL,Pass,Pass,Pass,Pass,Fail,,,,,,,,,,,,,,,,,,,,,,,,,,,,,,,,,,,,,
10-14-2014,16:26:00,44.1,1,153180000083,PASS,Pass,Pass,Pass,Pass,Pass,Pass,Pass,Pass,Skip,Pass,Pass,Pass,Pass,Pass,Pass,Pass,Pass,Pass,Pass,Pass,Pass,Pass,Pass,Pass,Pass,Pass,Pass,Pass,Pass,Pass,Pass,Pass,Pass,Pass,Pass,Pass,Pass,Pass,Pass,Pass,Pass,
10-14-2014,16:26:08,44.6,3,153180000071,PASS,Pass,Pass,Pass,Pass,Pass,Pass,Pass,Pass,Skip,Pass,Pass,Pass,Pass,Pass,Pass,Pass,Pass,Pass,Pass,Pass,Pass,Pass,Pass,Pass,Pass,Pass,Pass,Pass,Pass,Pass,Pass,Pass,Pass,Pass,Pass,Pass,Pass,Pass,Pass,Pass,Pass,
10-14-2014,16:26:15,41.9,5,153180000034,PASS,Pass,Pass,Pass,Pass,Pass,Pass,Pass,Pass,Skip,Pass,Pass,Pass,Pass,Pass,Pass,Pass,Pass,Pass,Pass,Pass,Pass,Pass,Pass,Pass,Pass,Pass,Pass,Pass,Pass,Pass,Pass,Pass,Pass,Pass,Pass,Pass,Pass,Pass,Pass,Pass,Pass,
10-14-2014,16:27:01,43.7,2,153180000083,PASS,Pass,Pass,Pass,Pass,Pass,Pass,Pass,Pass,Skip,Pass,Pass,Pass,Pass,Pass,Pass,Pass,Pass,Pass,Pass,Pass,Pass,Pass,Pass,Pass,Pass,Pass,Pass,Pass,Pass,Pass,Pass,Pass,Pass,Pass,Pass,Pass,Pass,Pass,Pass,Pass,Pass,
10-14-2014,16:27:05,42.1,6,153180000034,PASS,Pass,Pass,Pass,Pass,Pass,Pass,Pass,Pass,Skip,Pass,Pass,Pass,Pass,Pass,Pass,Pass,Pass,Pass,Pass,Pass,Pass,Pass,Pass,Pass,Pass,Pass,Pass,Pass,Pass,Pass,Pass,Pass,Pass,Pass,Pass,Pass,Pass,Pass,Pass,Pass,Pass,
10-14-2014,16:27:06,45.3,4,153180000071,PASS,Pass,Pass,Pass,Pass,Pass,Pass,Pass,Pass,Skip,Pass,Pass,Pass,Pass,Pass,Pass,Pass,Pass,Pass,Pass,Pass,Pass,Pass,Pass,Pass,Pass,Pass,Pass,Pass,Pass,Pass,Pass,Pass,Pass,Pass,Pass,Pass,Pass,Pass,Pass,Pass,Pass,
10-14-2014,16:28:42,44.5,1,153180000071,PASS,Pass,Pass,Pass,Pass,Pass,Pass,Pass,Pass,Skip,Pass,Pass,Pass,Pass,Pass,Pass,Pass,Pass,Pass,Pass,Pass,Pass,Pass,Pass,Pass,Pass,Pass,Pass,Pass,Pass,Pass,Pass,Pass,Pass,Pass,Pass,Pass,Pass,Pass,Pass,Pass,Pass,
10-14-2014,16:29:26,43.7,2,153180000083,PASS,Pass,Pass,Pass,Pass,Pass,Pass,Pass,Pass,Skip,Pass,Pass,Pass,Pass,Pass,Pass,Pass,Pass,Pass,Pass,Pass,Pass,Pass,Pass,Pass,Pass,Pass,Pass,Pass,Pass,Pass,Pass,Pass,Pass,Pass,Pass,Pass,Pass,Pass,Pass,Pass,Pass,
10-14-2014,16:29:50,45.7,3,153180000071,PASS,Pass,Pass,Pass,Pass,Pass,Pass,Pass,Pass,Skip,Pass,Pass,Pass,Pass,Pass,Pass,Pass,Pass,Pass,Pass,Pass,Pass,Pass,Pass,Pass,Pass,Pass,Pass,Pass,Pass,Pass,Pass,Pass,Pass,Pass,Pass,Pass,Pass,Pass,Pass,Pass,Pass,
10-14-2014,16:30:32,41.6,4,153180000034,PASS,Pass,Pass,Pass,Pass,Pass,Pass,Pass,Pass,Skip,Pass,Pass,Pass,Pass,Pass,Pass,Pass,Pass,Pass,Pass,Pass,Pass,Pass,Pass,Pass,Pass,Pass,Pass,Pass,Pass,Pass,Pass,Pass,Pass,Pass,Pass,Pass,Pass,Pass,Pass,Pass,Pass,
10-14-2014,16:31:22,46.0,5,153180000071,PASS,Pass,Pass,Pass,Pass,Pass,Pass,Pass,Pass,Skip,Pass,Pass,Pass,Pass,Pass,Pass,Pass,Pass,Pass,Pass,Pass,Pass,Pass,Pass,Pass,Pass,Pass,Pass,Pass,Pass,Pass,Pass,Pass,Pass,Pass,Pass,Pass,Pass,Pass,Pass,Pass,Pass,
10-14-2014,16:32:07,44.4,6,153180000083,PASS,Pass,Pass,Pass,Pass,Pass,Pass,Pass,Pass,Skip,Pass,Pass,Pass,Pass,Pass,Pass,Pass,Pass,Pass,Pass,Pass,Pass,Pass,Pass,Pass,Pass,Pass,Pass,Pass,Pass,Pass,Pass,Pass,Pass,Pass,Pass,Pass,Pass,Pass,Pass,Pass,Pass,
10-14-2014,16:32:19,41.4,2,153180000034,PASS,Pass,Pass,Pass,Pass,Pass,Pass,Pass,Pass,Skip,Pass,Pass,Pass,Pass,Pass,Pass,Pass,Pass,Pass,Pass,Pass,Pass,Pass,Pass,Pass,Pass,Pass,Pass,Pass,Pass,Pass,Pass,Pass,Pass,Pass,Pass,Pass,Pass,Pass,Pass,Pass,Pass,
10-14-2014,16:33:39,41.4,2,153180000034,PASS,Pass,Pass,Pass,Pass,Pass,Pass,Pass,Pass,Skip,Pass,Pass,Pass,Pass,Pass,Pass,Pass,Pass,Pass,Pass,Pass,Pass,Pass,Pass,Pass,Pass,Pass,Pass,Pass,Pass,Pass,Pass,Pass,Pass,Pass,Pass,Pass,Pass,Pass,Pass,Pass,Pass,
10-14-2014,16:33:50,2.8,4,153180000034,FAIL,Pass,Pass,Pass,Pass,Fail,,,,,,,,,,,,,,,,,,,,,,,,,,,,,,,,,,,,,
10-14-2014,16:35:03,43.0,6,153180000083,FAIL,Pass,Pass,Pass,Pass,Pass,Fail,,,,,,,,,,,,,,,,,,,,,,,,,,,,,,,,,,,,
10-14-2014,16:36:19,41.5,2,153180000034,PASS,Pass,Pass,Pass,Pass,Pass,Pass,Pass,Pass,Skip,Pass,Pass,Pass,Pass,Pass,Pass,Pass,Pass,Pass,Pass,Pass,Pass,Pass,Pass,Pass,Pass,Pass,Pass,Pass,Pass,Pass,Pass,Pass,Pass,Pass,Pass,Pass,Pass,Pass,Pass,Pass,Pass,
10-14-2014,16:40:44,41.7,2,153180000034,PASS,Pass,Pass,Pass,Pass,Pass,Pass,Pass,Pass,Skip,Pass,Pass,Pass,Pass,Pass,Pass,Pass,Pass,Pass,Pass,Pass,Pass,Pass,Pass,Pass,Pass,Pass,Pass,Pass,Pass,Pass,Pass,Pass,Pass,Pass,Pass,Pass,Pass,Pass,Pass,Pass,Pass,
10-14-2014,16:41:28,44.5,1,153180000071,PASS,Pass,Pass,Pass,Pass,Pass,Pass,Pass,Pass,Skip,Pass,Pass,Pass,Pass,Pass,Pass,Pass,Pass,Pass,Pass,Pass,Pass,Pass,Pass,Pass,Pass,Pass,Pass,Pass,Pass,Pass,Pass,Pass,Pass,Pass,Pass,Pass,Pass,Pass,Pass,Pass,Pass,
10-14-2014,16:42:22,43.3,2,153180000083,PASS,Pass,Pass,Pass,Pass,Pass,Pass,Pass,Pass,Skip,Pass,Pass,Pass,Pass,Pass,Pass,Pass,Pass,Pass,Pass,Pass,Pass,Pass,Pass,Pass,Pass,Pass,Pass,Pass,Pass,Pass,Pass,Pass,Pass,Pass,Pass,Pass,Pass,Pass,Pass,Pass,Pass,
10-14-2014,16:43:04,41.5,1,153180000034,PASS,Pass,Pass,Pass,Pass,Pass,Pass,Pass,Pass,Skip,Pass,Pass,Pass,Pass,Pass,Pass,Pass,Pass,Pass,Pass,Pass,Pass,Pass,Pass,Pass,Pass,Pass,Pass,Pass,Pass,Pass,Pass,Pass,Pass,Pass,Pass,Pass,Pass,Pass,Pass,Pass,Pass,
10-14-2014,16:44:43,43.2,2,153180000083,PASS,Pass,Pass,Pass,Pass,Pass,Pass,Pass,Pass,Skip,Pass,Pass,Pass,Pass,Pass,Pass,Pass,Pass,Pass,Pass,Pass,Pass,Pass,Pass,Pass,Pass,Pass,Pass,Pass,Pass,Pass,Pass,Pass,Pass,Pass,Pass,Pass,Pass,Pass,Pass,Pass,Pass,
10-14-2014,16:44:55,41.6,3,153180000034,PASS,Pass,Pass,Pass,Pass,Pass,Pass,Pass,Pass,Skip,Pass,Pass,Pass,Pass,Pass,Pass,Pass,Pass,Pass,Pass,Pass,Pass,Pass,Pass,Pass,Pass,Pass,Pass,Pass,Pass,Pass,Pass,Pass,Pass,Pass,Pass,Pass,Pass,Pass,Pass,Pass,Pass,
10-14-2014,16:45:00,45.2,5,153180000071,PASS,Pass,Pass,Pass,Pass,Pass,Pass,Pass,Pass,Skip,Pass,Pass,Pass,Pass,Pass,Pass,Pass,Pass,Pass,Pass,Pass,Pass,Pass,Pass,Pass,Pass,Pass,Pass,Pass,Pass,Pass,Pass,Pass,Pass,Pass,Pass,Pass,Pass,Pass,Pass,Pass,Pass,
10-14-2014,16:45:41,41.5,2,153180000034,PASS,Pass,Pass,Pass,Pass,Pass,Pass,Pass,Pass,Skip,Pass,Pass,Pass,Pass,Pass,Pass,Pass,Pass,Pass,Pass,Pass,Pass,Pass,Pass,Pass,Pass,Pass,Pass,Pass,Pass,Pass,Pass,Pass,Pass,Pass,Pass,Pass,Pass,Pass,Pass,Pass,Pass,
10-14-2014,16:45:45,44.4,4,153180000083,PASS,Pass,Pass,Pass,Pass,Pass,Pass,Pass,Pass,Skip,Pass,Pass,Pass,Pass,Pass,Pass,Pass,Pass,Pass,Pass,Pass,Pass,Pass,Pass,Pass,Pass,Pass,Pass,Pass,Pass,Pass,Pass,Pass,Pass,Pass,Pass,Pass,Pass,Pass,Pass,Pass,Pass,
10-14-2014,16:45:50,45.8,6,153180000071,PASS,Pass,Pass,Pass,Pass,Pass,Pass,Pass,Pass,Skip,Pass,Pass,Pass,Pass,Pass,Pass,Pass,Pass,Pass,Pass,Pass,Pass,Pass,Pass,Pass,Pass,Pass,Pass,Pass,Pass,Pass,Pass,Pass,Pass,Pass,Pass,Pass,Pass,Pass,Pass,Pass,Pass,
10-14-2014,16:46:28,42.2,1,153180000034,FAIL,Pass,Pass,Pass,Pass,Pass,Pass,Pass,Pass,Skip,Pass,Pass,Pass,Pass,Pass,Pass,Pass,Pass,Pass,Pass,Pass,Pass,Pass,Pass,Pass,Pass,Pass,Pass,Pass,Pass,Pass,Pass,Pass,Pass,Pass,Pass,Fail,Pass,Pass,Pass,Pass,Pass,
10-14-2014,16:48:14,44.5,2,153180000071,PASS,Pass,Pass,Pass,Pass,Pass,Pass,Pass,Pass,Skip,Pass,Pass,Pass,Pass,Pass,Pass,Pass,Pass,Pass,Pass,Pass,Pass,Pass,Pass,Pass,Pass,Pass,Pass,Pass,Pass,Pass,Pass,Pass,Pass,Pass,Pass,Pass,Pass,Pass,Pass,Pass,Pass,
10-14-2014,16:49:02,41.5,2,153180000034,PASS,Pass,Pass,Pass,Pass,Pass,Pass,Pass,Pass,Skip,Pass,Pass,Pass,Pass,Pass,Pass,Pass,Pass,Pass,Pass,Pass,Pass,Pass,Pass,Pass,Pass,Pass,Pass,Pass,Pass,Pass,Pass,Pass,Pass,Pass,Pass,Pass,Pass,Pass,Pass,Pass,Pass,
10-14-2014,16:49:51,42.9,2,153180000083,PASS,Pass,Pass,Pass,Pass,Pass,Pass,Pass,Pass,Skip,Pass,Pass,Pass,Pass,Pass,Pass,Pass,Pass,Pass,Pass,Pass,Pass,Pass,Pass,Pass,Pass,Pass,Pass,Pass,Pass,Pass,Pass,Pass,Pass,Pass,Pass,Pass,Pass,Pass,Pass,Pass,Pass,
10-14-2014,16:49:56,42.2,3,153180000034,PASS,Pass,Pass,Pass,Pass,Pass,Pass,Pass,Pass,Skip,Pass,Pass,Pass,Pass,Pass,Pass,Pass,Pass,Pass,Pass,Pass,Pass,Pass,Pass,Pass,Pass,Pass,Pass,Pass,Pass,Pass,Pass,Pass,Pass,Pass,Pass,Pass,Pass,Pass,Pass,Pass,Pass,
10-14-2014,16:50:45,43.8,1,153180000083,PASS,Pass,Pass,Pass,Pass,Pass,Pass,Pass,Pass,Skip,Pass,Pass,Pass,Pass,Pass,Pass,Pass,Pass,Pass,Pass,Pass,Pass,Pass,Pass,Pass,Pass,Pass,Pass,Pass,Pass,Pass,Pass,Pass,Pass,Pass,Pass,Pass,Pass,Pass,Pass,Pass,Pass,
10-14-2014,16:59:29,44.1,4,,FAIL,Pass,Pass,Pass,Pass,Pass,Fail,,,,,,,,,,,,,,,,,,,,,,,,,,,,,,,,,,,
10-14-2014,16:59:29,44.5,6,,FAIL,Pass,Pass,Pass,Pass,Pass,Fail,,,,,,,,,,,,,,,,,,,,,,,,,,,,,,,,,,,
10-14-2014,17:01:25,124.5,2,141680000171,FAIL,Pass,Pass,Pass,Pass,Pass,Pass,Pass,Pass,Skip,Pass,Pass,Pass,Pass,Pass,Pass,Pass,Pass,Pass,Pass,Skip,Skip,Pass,Pass,Pass,Fail,Pass,Pass,Pass,Pass,Pass,Fail,Pass,Pass,Pass,Pass,Pass,Pass,Pass,Skip,Pass,
10-14-2014,17:03:03,84.6,2,141680000171,FAIL,Pass,Pass,Pass,Pass,Pass,Pass,Pass,Pass,Skip,Pass,Pass,Pass,Pass,Pass,Pass,Pass,Pass,Pass,Pass,Skip,Skip,Pass,Pass,Pass,Fail,Pass,Pass,Pass,Pass,Pass,Pass,Pass,Pass,Pass,Pass,Pass,Pass,Pass,Skip,Pass,
10-14-2014,17:07:03,97.7,2,141680000171,FAIL,Pass,Pass,Pass,Pass,Pass,Pass,Pass,Pass,Skip,Pass,Pass,Pass,Pass,Pass,Pass,Pass,Pass,Pass,Pass,Skip,Skip,Pass,Pass,Pass,Fail,Pass,Pass,Pass,Pass,Pass,Pass,Pass,Pass,Pass,Pass,Pass,Pass,Pass,Skip,Pass,
10-14-2014,17:07:08,103.3,4,,FAIL,Pass,Pass,Pass,Pass,Pass,Fail,,,,,,,,,,,,,,,,,,,,,,,,,,,,,,,,,,,
10-14-2014,17:13:35,87.5,2,141680000171,FAIL,Pass,Pass,Pass,Pass,Pass,Pass,Pass,Pass,Skip,Pass,Pass,Pass,Pass,Pass,Pass,Pass,Pass,Pass,Pass,Skip,Skip,Pass,Pass,Pass,Fail,Pass,Pass,Pass,Pass,Pass,Pass,Pass,Pass,Pass,Pass,Pass,Pass,Pass,Skip,Pass,
10-14-2014,17:13:41,93.2,4,,FAIL,Pass,Pass,Pass,Pass,Pass,Fail,,,,,,,,,,,,,,,,,,,,,,,,,,,,,,,,,,,
10-14-2014,17:16:26,158.0,2,141680000171,FAIL,Pass,Pass,Pass,Pass,Pass,Pass,Pass,Pass,Skip,Pass,Pass,Pass,Pass,Pass,Pass,Pass,Pass,Pass,Pass,Skip,Skip,Pass,Pass,Pass,Fail,Pass,Pass,Pass,Pass,Pass,Pass,Pass,Pass,Pass,Pass,Pass,Pass,Pass,Skip,Pass,
10-14-2014,17:18:03,38.8,1,141680000205,FAIL,Pass,Pass,Pass,Pass,Pass,Pass,Pass,Pass,Skip,Pass,Pass,Pass,Pass,Pass,Pass,Pass,Pass,Pass,Pass,Skip,Skip,Pass,Pass,Pass,Fail,Pass,Pass,Pass,Pass,Pass,Pass,Pass,Pass,Pass,Pass,Pass,Pass,Pass,Skip,Pass,
10-14-2014,17:23:41,35.4,1,141680000483,FAIL,Pass,Pass,Pass,Pass,Pass,Pass,Pass,Pass,Skip,Pass,Pass,Pass,Pass,Pass,Pass,Pass,Pass,Pass,Pass,Skip,Skip,Pass,Pass,Pass,Fail,Pass,Pass,Pass,Pass,Pass,Pass,Pass,Pass,Pass,Pass,Pass,Pass,Pass,Skip,Pass,
10-14-2014,17:25:40,35.9,1,141680000483,FAIL,Pass,Pass,Pass,Pass,Pass,Pass,Pass,Pass,Skip,Pass,Pass,Pass,Pass,Pass,Pass,Pass,Pass,Pass,Pass,Skip,Skip,Pass,Pass,Pass,Fail,Pass,Pass,Pass,Pass,Pass,Pass,Pass,Pass,Pass,Pass,Pass,Pass,Pass,Skip,Pass,
